﻿"Prefiero escribir la literatura como arma feminista: Dolores Bolio Cantarell (1880-1970), Beatriz Peniche Barrera (1893-1976), Rosario Sansores Pren (1889-1972) y Holda Novelo Cuevas (1895-1972 en Yucatán","Montalván Colón, Eugenia",Cuento,3,5242543
"Atlas de México, 1910-2010","Sordo Cedeño, Reynaldo",Humor,4,1106793
Patrón de asentamientos prehispánicos en la parte central del Bajo Balsas: un ensayo metodológico,"González Crespo, Norberto",Poesia,3,3077757
Promesas de inmortalidad,"Muñiz, Humberto",Aventuras,1,4712857
Promesas de inmortalidad,"Muñiz, Humberto",Mitologia,5,5339697
De frente al perfil: retratos faciales de Frederick Starr,"Poole, Deborah (editor)",Ciencia Ficcion,1,3236617
Rostros heroicos para el 2010: pintura popular morelense,"Hidalgo Domínguez, Fernando E.",Ciencia Ficcion,2,7798099
Poemas en tierra de dos soles,"Loya Loya, Dora Luz",Ciencia Ficcion,2,8561536
Sueño de amantes,"Reyes Aguirre, Ofelia",Humor,2,4680872
"Miguel de la Madrid Hurtado: el hombre, el candidato sus ideas","Ezcurdia, Mario",Mitologia,1,9027063
Juegos cruzados,"Ayala Gándara, Valdemar",Mitologia,3,9750822
Tromba,"Alvarado, Luis Javier",Terror,3,2458633
Raíces de sangre y oro,"Gaona, Miguel",Romantica,5,7879202
Tifón: un lobo de mar lucha contra una tormenta ,"Conrad, Joseph",Terror,3,7032009
Sistema religioso-político y las expulsiones en Chamula,"López Meza, Antonio",Mitologia,1,5656093
Peregrinación de nuestros antepasados,"López González, Juan",Mitologia,2,6709348
La canción del pirata: vida y embarques del bribón Cantueso. Novela,"Quiñones, Fernando",Mitologia,4,4137638
De los gremios al sindicalismo: genealogía corporativa,"Bracho, Julio",Terror,1,7979690
El teatro en mi vida,"Montoya, María Teresa",Poesia,2,3375831
Raíces históricas de las estructuras distributivas de América Latina,"Di Filippo, Armando",Romantica,3,3348737
Principales falacias económicas que destruyen a México,"Navarro Vázquez, Agustín",Terror,4,2192649
Organización Administrativa y Política de la República Mexicana,"Chellet Osante, Roberto",Teatro,4,1331375
Feminismo y racismo. Los miedos de María Ríos Cárdenas,"García Peña, Ana Lidia",Teatro,1,4723796
"Diccionario de historia, geografía y biografía sonorense","Almada, Francisco R.",Aventuras,2,2776776
Resumen de historia del Estado de Chihuahua,"Almada, Francisco R.",Teatro,4,2599485
Cuestiones internacionales de México: una bibliografía,"Cosío Villegas, Daniel",Ciencia Ficcion,1,7908486
Reminiscences of the mexican revolution,"O´hea, Patrick",Policiaca,1,6477912
Francisco Villa y la Revolución,"Cervantes M., Federico",Teatro,2,8875115
Tercero y cuarto Batallones Rojos en la revolución de 1915,"Saldaña Bernal, Ruth Delfina",Humor,5,1250534
El águila y la serpiente,"Guzmán, Martín Luis",Mitologia,5,4625868
"Revolución mexicana, 1910-1920","Ulloa, Berta",Policiaca,1,8019622
Resumen de historia del Estado de Chihuahua,"Almada, Francisco R.",Terror,5,3112697
Álvaro Obregón: ocho mil kilómetros en campaña,Francisco L. Urquizo y Francisco J. Grajales (estudios preliminares),Aventuras,3,6810902
Los doblados de Tomóchic,"Saborit, Antonio",Romantica,1,3121904
Justice  by insurance: the general Indian Court of Colonial Mexico and the legal aides of the Half-Real,"Borah, Woodrow Wilson",Ciencia Ficcion,4,2719752
Cocaine: global histories,"Gootenberg, Paul",Teatro,1,3080853
"Agrarian radicalism in Veracruz, 1920-38","Salamini, Heather Fowler",Aventuras,3,4170668
Letras en la astrología,"Lugo, José Antonio",Humor,5,6115532
Felipe Ángeles en la revolución: biografía (1869-1919),"Cervantes, Federico",Aventuras,5,5118775
"Memorias políticas, 1909-1913","Vázquez Gómez, Francisco",Romantica,1,7546173
La clase obrera en la historia de México: de la Colonia al Imperio,"Florescano, Enrique",Humor,3,6961374
Catálogo de publicaciones Instituto Nacional de Estudios Históricos de la Revolución Mexicana 1991 ,INEHRM,Cuento,1,3307450
 The transformation of rural Mexico: reforming the ejido sector,"Cornelius, Wayne A.",Terror,1,2700198
Siete personajes en la explanada de los héroes,"Flores Longoria, Samuel",Cuento,3,4718260
Francisco de Miranda y Rusia,"Alperóvich, Moiséi",Romantica,4,7636048
"Insurgencia y contrainsurgencia en Zacatecas, 1810-1813","Sánchez Tagle, Héctor",Romantica,1,7094599
Paisajes rebeldes: una larga noche de rebelión indígena,Jane-Dale Lloyd y Laura Pérez Rosales (Coord.),Romantica,5,2706620
Cola de lagartija,"Valenzuela, Luisa",Ciencia Ficcion,5,6602993
"Soledad compartida: una historia de maestros, 1908-1910","Galván de Terrazas, Luz Elena",Humor,1,3565185
"México: fiestas cívicas, familiares, laborales y nuevos festejos","Zarauz López, Héctor L.",Terror,5,3476408
"Madero, el otro","Solares, Ignacio",Teatro,4,7075345
La clase obrera en la historia de México: de la colonia al imperio,"Florescano, Enrique",Ciencia Ficcion,1,1103133
Los diezmos de San Luis de la Paz: economía en una región del bajío en el siglo XVIII,"Rabell Romero, Cecilia Andrea",Terror,2,3013943
La campana de Dolores,"Alcocer, Alfonso",Mitologia,1,1228324
Blood ties: life and violence in rural Mexico,"Greenberg, James Brian",Ciencia Ficcion,5,6834151
"Protestants and the mexican revolution: missionaries, ministers, and social change","Baldwin, Deborah J.",Mitologia,4,5927672
Latin America in basic historical collections: a working,"Bartley, Russell H.",Terror,4,8916621
"Ideas, valores y tradiciones: ensayos sobre historia de la educación en México","Bazant, Milada",Terror,2,1658481
Tras bambalinas: 25 años de políticas culturales y salud en la danza profesional oficial mexicana,"Bastien van der Meer, Kena",Ciencia Ficcion,5,8828844
Alberto Cervantes y la historia del bolero en México,"Flores Longoria, Samuel",Policiaca,5,5351540
"Cuentos, recuentos y encuentros en la historia mexicana","Bazanta, Milada (coord.)",Romantica,3,6386777
La ópera en México de 1924 a 1984: testimonio operístico,"Díaz Du-Pond, Carlos",Humor,4,9352171
"Sistemas hidráulicos, modernización de la agricultura y migración","Viqueira Landa, Carmen (Coord.)",Teatro,1,1065953
Memorias mexicanas. Mi diario VI (1912-1919): mucho de mi vida y algo de la de otros,"Gamboa, Federico",Humor,1,7715406
"Colección de documentos para la historia de la Diócesis de Aguascalientes. Vol. III, Siglo XIX","Gutiérrez G., José Antonio",Ciencia Ficcion,5,3991273
Ante los ojos de Desirée,"Reyes Heroles, Federico",Terror,4,9143072
La intervención francesa en México: la historia de la expedición militar francesa enviada por Napoleón III para establecer el Segundo Imperio Mexicano,"Garfias M., Luis",Cuento,3,5033861
Los hombres de la revolución,"Moreno, Daniel",Policiaca,4,3099218
Evolución de una sociedad rural,"Lomnitz-Adler, Claudio",Mitologia,3,7935331
"Memoria mexicana, ensayo sobre la reconstrucción del pasado: Época Prehispánica 1821","Florescano, Enrique",Aventuras,3,6809468
José María Cos: escritos políticos ,"Lemoine Villicaña, Ernesto",Romantica,1,6572424
Verdad y leyenda de Pancho Villa: vida y hechos del famosos personaje de la revolución mexicana,"Garfias M., Luis",Cuento,5,9098168
"Chihuahua: sociedad, economía, política y cultura","Orozco Orozco, Víctor",Cuento,5,1980160
"Pueblos indios, élites y territorio. Sistemas de dominio regional en el sur de México: una historia política de Oaxaca","Bailón Corres, Moisés Jaime",Poesia,4,9295520
"Juan Ruiz de Alarcón ante la crítica, en las colecciones y en los acervos documentales","Peña, Margarita",Mitologia,1,2704073
Ferrocarriles y obras publicas,"Kuntz Ficker, Sandra",Aventuras,4,6764131
"El principio, 1968-1988: años de rebeldía","Pérez Arce Ibarra, Francisco",Romantica,1,6466786
Historia de la revolución en Tabasco. Tomo I,"Taracena, Alfonso",Poesia,2,8216755
Ajuste económico y política social en México,"González Tiburcio, Enrique",Cuento,5,3290841
Fox & Co.: biografía no autorizada,"Granados Chapa, Miguel Ángel",Romantica,4,4133260
Entre el poder y la revolución: el gobierno interino de Francisco León de la Barra,"Ávila Espinosa, Felipe Arturo",Ciencia Ficcion,1,6506700
La revolución en Chiapas. Índice de documentos existentes en el archivo General de la Nación de la Ciudad de México: fondo: Francisco I. Madero,"Ruiz Abreu, Carlos",Policiaca,2,6436651
Hacia una historia latinoamericana: homenaje a Álvaro Jara ,"Quiroz, Enriqueta (Coord.)",Poesia,4,6141326
La montaña en el paisaje ritual,"Broda, Johanna (Coord.)",Mitologia,3,1959801
Fuentes hemerográficas jaliscienses para el estudio de la revolución mexicana,"Vaca, Agustín",Teatro,5,9580867
Alfabeto y enseñanzas domesticas: el arte de ser maestra rural en el Valle del Mezquital,"López, Oresta",Aventuras,2,2701678
Elecciones en el México del siglo XIX: las prácticas. Tomo I,"Gantús, Fausta (Coord.)",Aventuras,2,5223863
Elecciones en el México del siglo XIX: las prácticas. Tomo II,"Gantús, Fausta (Coord.)",Terror,1,5927921
Contribución a un dialogo abierto: cinco ensayos de historia electoral latinoamericana,"Gantús, Fausta (Coord.)",Poesia,5,6640790
"Cuando las armas hablan, los impresos luchan, la exclusión agrede…violencia electoral en México, 1812-1912","Gantús, Fausta (Coord.)",Romantica,2,5589092
Jerónimo Arango: un empresario moderno,"Herrero, Carlos",Policiaca,3,3074695
Prensa y elecciones: formas de hacer política en el México del siglo XIX,"Gantús, Fausta",Aventuras,4,8413806
Elecciones en el México del siglo XIX,"Gantús, Fausta",Ciencia Ficcion,1,4664686
"Pensar, ser y hacer feminismo en Jalapa, Veracruz: voces desde la experiencia y la disidencia","Juárez Cortés, Jessica Viridiana",Humor,1,3761459
"Pensar, ser y hacer feminismo en Jalapa, Veracruz: voces desde la experiencia y la disidencia","Juárez Cortés, Jessica Viridiana",Policiaca,5,7334046
"Activismos políticos contemporáneos: juventudes, movilizaciones y comunicación en Guadalajara","Avalos, González, Juan Manuel",Teatro,4,8604296
"Activismos políticos contemporáneos: juventudes, movilizaciones y comunicación en Guadalajara","Avalos, González, Juan Manuel",Mitologia,2,1045979
"La Comisión Nacional de Libros de Texto Gratuitos en el sexenio del presidente Adolfo López Mateos, 1959-1964","Hernández Luna, Juan",Humor,4,9008954
Episodios mexicanos: México en la hoguera,"Gill, Mario",Romantica,4,9781275
México en un himno: génesis e historia del Himno Nacional Mexicano,"Cid y Mulet, Juan",Ciencia Ficcion,2,5804600
México a la luz del pensamiento obrero: historia contemporánea 1910,"Ortega Arenas, Juan",Humor,1,9048026
Universidad Nacional y Economía,"Blanco, José (Coord.)",Teatro,4,7220466
"Estados Unidos: intervención y poder mesiánico. La guerra fría en Guatemala, 1954","Valdés Ugalde, José Luis",Teatro,5,4863869
Obra educativa: estructura de la educación en México. Vol. III,"Lombardo Toledano, Vicente",Ciencia Ficcion,4,4495943
El pensamiento político de Octavio Paz: las trampas de la ideología,"Rodríguez Ledezma, Xavier",Poesia,1,2408597
"El periódico El Imparcial: primer diario moderno de México, 1896-1914",García Clara Guadalupe,Poesia,1,3633428
"Sistemas hidráulicos, modernización de la agricultura y la migración","Viqueira Landa, Carmen (Coord.)",Teatro,1,9223403
Jornada México Centroamérica por la diversidad cultural: realizada con motivo del Día Mundial de la Diversidad Cultural para el Dialogo y el Desarrollo,----------,Teatro,4,4514028
Phantom Crown the story of Maximiliano and Carlota of Mexico,"Harding, Bertita",Humor,5,5684632
Pesquisa de figuras,"Bustos Cerecedo, Miguel",Humor,3,8256269
Paralelo 33: la vida más acá,"Justo Sierra, Carlos",Cuento,3,6343511
"La transformación de la Procuraduría General de Justicia del Estado de Guanajuato, 1984-1985","García Domínguez, Miguel Ángel",Terror,4,6075051
Colima: presencia política,"Zamora Verduzco, Elías",Humor,5,5383298
"Y México se refugió en el desierto, Luis Terrazas: historia y destino","Fuentes Mares, José",Terror,4,8968857
"Los Agustinos, aquellos misioneros hacendados: historia de la provincia de san Nicolas de Tolentino de Michoacán, escrita por Fray Diego de Basalenque","Moreno García, Heriberto",Mitologia,2,6016310
Els exiliats catalans: un estudio de la emigración republicana española en México,"Pla Brugat, Dolores",Poesia,5,6167399
El Tratado Mon Almonte,"Cue Canovas, Agustín",Mitologia,5,9212547
"Anales del cine en México, 1895-1911. 1904: el cine y la publicidad  ","Leal, Juan Felipe",Mitologia,1,9373190
La guerra de independencia,"Lazcano y Ochoa, Jesús",Policiaca,2,5206449
Estructura funcional de la red de ciudades de México,"Garrocho Rangel, Carlos",Romantica,4,9993502
"Actores sociales, actores locales: algunas hipótesis de trabajo","Lorenzo Ríos, María Dolores (Coord.)",Romantica,3,6809843
"Actores sociales, actores locales: algunas hipótesis de trabajo","Lorenzo Ríos, María Dolores (Coord.)",Poesia,1,7296331
"Braceros: la mirada mexicana y estadounidense, antología, 1945-1964","Durand, Jorge",Cuento,3,2048378
Permanencia en el tiempo: antropología de la historia en la comunidad purhépecha de Sevina,"Muñoz Morán, Óscar",Romantica,4,6194355
"Ensayos críticos de Derechos Humanos: tesis, imperativos y derivas","Arias Marín, Alán",Poesia,1,3402450
Algunos conceptos fundamentales para el nacimiento de los derechos humanos: Fernando Vázquez de Menchaca,"Rodríguez Moreno, Alonso",Terror,4,8977211
"La flor de lis: entre vientos y tormentas. Historia de los scouts en México, 1913-1941","Ponce S., Ramón",Aventuras,2,8069624
México y Japón: a 130 años de relaciones diplomáticas,"Almada, Carlos",Cuento,5,4204911
"Testimonios Legislativos: historia parlamentaria de los congresos mexicanos, Cámara de Senadores, Actas correspondientes al I Congreso Constitucional, 1844.  Tomo I. Vol. 1","Alvarado Gómez, Antonio (Comp.)",Aventuras,1,4098699
"Testimonios Legislativos: historia parlamentaria de los congresos mexicanos, Cámara de Senadores, Actas correspondientes al I Congreso Constitucional, 1844.  Tomo I. Vol. 2","Alvarado Gómez, Antonio (Comp.)",Romantica,5,6349996
"Carlos Trejo Lerdo de Tejada, pensamiento de un gran patriota: textos y documentos","Luna Parra y Trejo Lerdo, Adriana",Policiaca,5,4307315
"La consumación de la independencia y la instauración de la República Federal, 1820-1824: los proyectos de constitución para México. Tomo 1","Calvillo, Manuel",Terror,5,7505322
"Don Porfirio presidente…, nunca omnipotente: hallazgos, reflexiones y debates, 1876-1911","Falcón, Román (Comp.)",Romantica,1,4413402
"México: la gran rebelión, 1905-1924","Ruíz, Ramón Eduardo",Policiaca,1,2634932
Visiones del porfiriato: visiones de México,"Lloyd, Jane-Dale (Coord.)",Humor,5,9671399
"Un porfirista de siempre Victoriano Salado Álvarez, 1867-1931","Vital, Alberto",Teatro,2,3418061
Pancho Villa,"Vives, Pedro A.",Humor,3,9354664
Jaque mate al crimen organizado. Coahuila: una estrategia multidimensional para la paz,"Aguilar Valenzuela, Rubén",Teatro,2,7958276
Francisco I. Madero apóstol de la democracia mexicana,"Ross, Stanley R.",Ciencia Ficcion,4,4478758
"Jean Meyer el sinarquismo, el cardenismo y la iglesia, 1937-1947 ","Meyer, Jean",Ciencia Ficcion,3,3827023
Gobierno y casinos: el origen de la riqueza de Abelardo L. Rodríguez,"Gómez Estrada, José Alfredo",Terror,4,5616910
Gustavo A. Madero: epistolario,"Solares, Ignacio (selección y prólogo)",Mitologia,5,3975221
El prosperato: el juego de equilibrios de un gobierno estatal: Tlaxcala de 1885 a 1911,"Rendón Garcini, Ricardo",Ciencia Ficcion,2,4289826
Encuesta sobre migración en la frontera sur de México: indicadores históricos (2004-2020),Instituto Nacional de Migración,Mitologia,2,5382170
Encuesta sobre migración en la frontera sur de México: indicadores históricos (2004-2020),Instituto Nacional de Migración,Ciencia Ficcion,4,4853660
Encuesta sobre migración en la frontera norte de México: indicadores históricos (1995-2020),Instituto Nacional de Migración,Teatro,2,7161254
Encuesta sobre migración en la frontera norte de México: indicadores históricos (1995-2020),Instituto Nacional de Migración,Teatro,1,9355952
"Diagnóstico de seguimiento al Pacto Mundial sobre Migración en México, 2018-2022",Instituto Nacional de Migración,Ciencia Ficcion,2,1115785
"Diagnóstico de seguimiento al Pacto Mundial sobre Migración en México, 2018-2022",Instituto Nacional de Migración,Cuento,2,3031273
¿Dónde está la carta de López Mateos? El escrito fantasma que cita el presidente,"López Obrador, Andrés Manuel",Cuento,5,3218972
"Identidades de Puebla: esencia de mexicanidad. José Agustín Arrieta, 1802-1874 ensayo","Palou, Pedro Ángel",Aventuras,3,4312518
La República laica en: laicidad y democracia ,"Monsiváis, Carlos",Romantica,2,7595326
"Orgullo y modelo del Ejército Nacional Mexicano en: Campo de Marte revista de temas de seguridad, defensa, marina e inteligencia","Gómez, Arnulfo R.",Humor,2,5205111
"Breves notas biográficas del Sr. D. Filomeno Mata, tomadas de un libro en preparación, con motivo del primer Centenario de su natalicio, que se celebra el 5 de julio de 1945",----------,Teatro,4,7159628
La modernización porfiriana vista por los viajeros,"Covarrubias, José Enrique, Itzel Toledo García (Coord.)",Teatro,3,6004027
El vértigo de la victoria: Álvaro Obregón,"Krauze, Enrique",Cuento,5,9882509
Reforma desde el origen: Plutarco Elías Calles,"Krauze, Enrique",Humor,2,4413918
General misionero: Lázaro Cárdenas.,"Krauze, Enrique",Ciencia Ficcion,3,1970647
Servicio de limpia en la ciudad de México,"Álvarez Lona, Ana Lilia",Terror,5,4595763
"Casas, viviendas y hogares en la historia de México","Loreto López, Rosalva",Poesia,3,2941945
Historia de la deuda externa de América Latina,"Marichal, Carlos",Humor,4,7526202
Los sepulcros de Santo Domingo y Cocheras: una casa en el Centro Histórico de la Ciudad de México,"González Cosío D., Bertha",Poesia,2,5142323
Catálogo de documentos de la municipalidad de Tlalpan I.,"Ruiz Abreu, Carlos E.",Cuento,5,6646747
México y Estados Unidos,"Rebolledo, Miguel",Teatro,3,1944713
"Diagnóstico sobre la cooperación internacional para el desarrollo en México, 2014-2015","Pérez Pineda, Jorge A.",Mitologia,5,7348424
En búsqueda de los sentidos y significados de la educación ambiental: aportaciones iberoamericanas,"Calixto Flores, Raúl",Policiaca,5,1287539
"Vicente Lombardo Toledano. Obra Educativa: vol. I, conocimiento y cultura","Lombardo Toledano, Vicente",Romantica,5,8789631
"Vicente Lombardo Toledano. Obra Educativa: vol. II, conocimiento y cultura","Lombardo Toledano, Vicente",Teatro,4,2134630
"Vicente Lombardo Toledano. Obra Educativa: vol. III, conocimiento y cultura","Lombardo Toledano, Vicente",Humor,2,6417063
Cartas desde la prisión: sobre el movimiento estudiantil-popular,"Unzueta, Gerardo",Ciencia Ficcion,5,7897407
Ensayos sobre las clases sociales en México,"Othón de Mendizábal, Miguel",Humor,5,9943771
Quincuagésimo Aniversario del Partido de la Revolución Mexicana: los precursores de la revolución,Partido Revolucionario Institucional,Ciencia Ficcion,5,5355735
Nacionalismo Revolucionario: siete tesis fundamentales de campaña,"Madrid Hurtado, Miguel de la",Ciencia Ficcion,5,4342450
"Los Estados Unidos y la América Latina, 1921-1929","Fabela, Isidro",Mitologia,1,9835036
La personalidad de México,"Lombardo Toledano, Vicente",Policiaca,5,5969324
Temascalcingo: fotos de un álbum,"Esquivel, Fernando",Terror,2,1042347
Biografías de amigos y conocidos,"Silva Herzog, Jesús",Humor,2,8064911
"Cronología de las intervenciones extranjeras en América Latina. Tomo III, 1899-1945 ","Selser, Gregorio",Policiaca,4,1005397
Historia de México desde la restauración de la República en 1867 hasta la caída de Porfirio Diaz: el apogeo del régimen porfiriano. Tomo III,"García Granados, Ricardo",Teatro,2,8250938
Juanita la larga,"Valera, Juan",Teatro,2,5503710
"Prensa y oposición política en México la Nación, 1941-1960","Serrano Álvarez, Pablo",Humor,3,3940132
El compañero Morones: biografía de un gran líder. Primer tomo,"Ortiz Petricioli, José",Teatro,5,4512932
Temas mexicanos,"García Cantú, Gastón",Aventuras,1,7001466
Resumen gráfico de la historia del arte en México ,"Toussain, A.",Ciencia Ficcion,3,8611023
Mujeres de ojos grandes,"Mastretta, Ángeles",Mitologia,1,6238354
La lucha de clases a través de la historia de México: revolución democraticoburguesa,"Ramos Pedrueza, Rafael",Teatro,2,2332928
Tesis. El zapatismo: orígenes y peculiaridades de una rebelión campesina,"Ávila Espinosa, Felipe Arturo",Policiaca,3,1490690
Tarahumara: caminos cruzados,"Nomikós, Yen Alexandra",Policiaca,1,4136234
"El águila, el jaguar y la serpiente. Arte indígena americano, América del Norte: Alaska, Canadá, los Estados Unidos","Covarrubias, Miguel",Policiaca,1,3804669
Álvaro Obregón: fuego y cenizas de la revolución mexicana,"Castro, Pedro",Mitologia,1,3257768
Abya Yala: una visión indígena,Colectivo de Autores,Aventuras,5,4591507
Cómo analizamos relatos infantiles y juveniles,"Lluch, Gemma",Ciencia Ficcion,2,3380115
Reflexiones sobre política urbana,"Iracheta Cenecorta, Alfonso Xavier (Coord.)",Teatro,5,1422893
Vale un centenario. Zacatecas: retiembles de la toma,"Burciaga C., José Arturo (Coord.)",Poesia,2,3323161
Prácticas de alfabetización en la primaria: apropiación docente de nuevas propuestas,"Espinosa Tavera, Epifanio",Cuento,1,8097761
Lo que de Santiago se sigue contando: leyendas del apóstol Santiago en México,"Campos Moreno, Araceli",Mitologia,5,4785331
"Censo Villa de Santiago de Saltillo, año de 1777","Durón Jiménez, Martha",Humor,3,1885185
Diversidad urbana y ciudad: una perspectiva antropológica,"Paniagua Mijangos, Jorge",Cuento,2,6174116
La restauración del Estado de Coahuila de Zaragoza. Sesquicentenario,"Bazant, Jan",Cuento,5,9899087
"Justicia social, anhelo de México: General José Álvarez de la Cadena","Álvarez Sepúlveda, Manola",Romantica,1,4832640
La invención de la paz: de la República Cristiana del Duque de Sully a la Sociedad de Naciones de Simón Bolívar,"Reza, Germán A. de la",Mitologia,1,3307606
Otomíes y mexicanos en la tierra de en medio: pueblos de indios en el norponiente del valle de México,"López Mora, Rebeca",Cuento,2,4512814
La Constitución de 1917 y la jurisprudencia de la quinta época del Semanario Judicial de la Federación,"Saavedra Herrera, Camilo Emiliano",Policiaca,3,7062417
Una república fundada en creencias: nuevas perspectivas del análisis económico del derecho,"Basu, Kaushik",Aventuras,1,1418806
Ga aka chhaka ki: relación de hazañas del hijo del relámpago,"Castellanos, Javier",Mitologia,4,9978200
"Tesis. La caricatura hecha por mujeres caricaturistas mexicanas, como apoyo para la difusión de la cultura jurídica y la equidad de género","Montes Vázquez, Ana Cecilia",Romantica,2,1821444
Informe sobre la desigualdad global 2018,"Facundo Alvaredo, Lucas Chancel, Thomas Piketti (Coord.)",Terror,2,7654800
Women on the Texas frontier a Cross-Cultural perspective,"Patton Malone, Ann",Policiaca,2,7613450
Border trials Ricardo Flores Magón and the mexican liberals,"Langham, Thomas C.",Terror,3,4152228
Pancho Villa at Columbus the raid of 1916,"Braddy, Haldeen",Mitologia,1,7708135
Pancho Villa at Columbus the raid of 1916,"Braddy, Haldeen",Mitologia,1,8650633
"Mexican exilies in the borderlands, 1910-13","Henderson, Peter V.N.",Ciencia Ficcion,3,6923305
United States customs and the Madero revolution,"Dennis Carman, Michael",Humor,3,9635749
Luther T. Ellsworth U.S. Consul on the border during the mexican revolution,"Pierson Kerig, Dorothy",Ciencia Ficcion,2,1631679
Tu’un ñochi si tu’un savi,"Pérez Castro, Tiburcio",Teatro,4,8338632
Tu’un ñochi si tu’un savi,"Pérez Castro, Tiburcio",Aventuras,4,1161757
Vocabulario. Nt’uinoya. Términos extraídos de los libros de texto gratuitos en hñahñu,"Cruz Cardón, Tomás Marcelino (Coord.)",Terror,3,1379846
Vocabulario. Nt’uinoya. Términos extraídos de los libros de texto gratuitos en hñahñu,"Cruz Cardón, Tomás Marcelino (Coord.)",Teatro,1,8860749
Me’phaa / Xtángoo xú mi’tháán ajngáa me’phaa,"Carrasco Zúñiga, Abad",Mitologia,4,2394342
Me’phaa / Xtángoo xú mi’tháán ajngáa me’phaa,"Carrasco Zúñiga, Abad",Ciencia Ficcion,5,7821619
Vocabulario popoluca de la sierra-español-popoluca de la sierra,"Gutiérrez Morales, Salomé",Romantica,2,3833366
Vocabulario popoluca de la sierra-español-popoluca de la sierra,"Gutiérrez Morales, Salomé",Mitologia,2,6641577
Vocabulario popoluca de la sierra-español-popoluca de la sierra,"Gutiérrez Morales, Salomé",Poesia,3,3417702
El sistema fonológico del kickapoo de Coahuila analizado desde las metodologías distribucional y funcional,"Moctezuma Zamarrón, José Luis",Ciencia Ficcion,5,8330122
El sistema fonológico del kickapoo de Coahuila analizado desde las metodologías distribucional y funcional,"Moctezuma Zamarrón, José Luis",Aventuras,3,2313522
Uemac,"Hernández Hernández, Marco Antonio",Teatro,4,8811903
Uemac,"Hernández Hernández, Marco Antonio",Teatro,3,5970321
"Los verbos del maya yucateco actual. Investigación, clasificación y sistemas conjugacionales","Briceño Chel, Fidencio",Mitologia,5,2626712
"Los verbos del maya yucateco actual. Investigación, clasificación y sistemas conjugacionales","Briceño Chel, Fidencio",Humor,3,3193226
Vocabulario popoluca de la sierra-español-popoluca de la sierra,"Gutiérrez Morales, Salomé",Humor,2,1378537
Vocabulario popoluca de la sierra-español-popoluca de la sierra,"Gutiérrez Morales, Salomé",Ciencia Ficcion,5,1108321
"Cuentos tepehuas de Pisaflores, Ixhuatlán de Madero, Veracruz. Laknawti tan Ch’intamakan Xanti, Ixhuatlán de Madero, Veracruz","Tesillos García, Camerino",Aventuras,4,9611955
"Cuentos tepehuas de Pisaflores, Ixhuatlán de Madero, Veracruz. Laknawti tan Ch’intamakan Xanti, Ixhuatlán de Madero, Veracruz","Tesillos García, Camerino",Poesia,1,8750899
Narraciones mayas de Campeche / Maayáaj Tsikbalilo’ob kaampech,"Can Canul, César",Humor,3,4458573
Narraciones mayas de Campeche / Maayáaj Tsikbalilo’ob kaampech,"Can Canul, César",Cuento,1,7805367
Narraciones mayas-libro,"Monforte, Jorge",Aventuras,3,5511547
Narraciones mayas-libro,"Monforte, Jorge",Policiaca,5,1145481
Gramática didáctica tojolabal / Skujlayub’il b’a sje’jel ju’un tojol-ab’al. Schab’il te’ile,"Gómez Jiménez, Pablo",Humor,2,1227052
Gramática didáctica tojolabal / Skujlayub’il b’a sje’jel ju’un tojol-ab’al. Schab’il te’ile,"Gómez Jiménez, Pablo",Mitologia,3,8937311
Tsípikuarirhi p’urhepecha uantanskua jimpo,"Monzón, Cristina",Mitologia,3,6509181
Tsípikuarirhi p’urhepecha uantanskua jimpo,"Monzón, Cristina",Cuento,4,9024802
Alfabeto ilustrado de la lengua mocho’,"Juárez Jiménez, Víctor Manuel",Mitologia,3,5613878
Alfabeto ilustrado de la lengua mocho’,"Juárez Jiménez, Víctor Manuel",Humor,5,9820342
Protocolo de actuación para peritos intérpretes-traductores en lenguas originarias mexicanas,"Cruz Huerta, Jacinto",Cuento,4,6937351
Protocolo de actuación para peritos intérpretes-traductores en lenguas originarias mexicanas,"Cruz Huerta, Jacinto",Terror,4,9747431
Alfabeto ilustrado de la lengua mocho’,"Juárez Jiménez, Víctor Manuel",Terror,5,5979974
Alfabeto ilustrado de la lengua mocho’,"Juárez Jiménez, Víctor Manuel",Aventuras,5,1974939
Gramática didáctica mocho’ segundo ciclo / Its’bal chu ts’iba we took´ didaaktika mocho’ kabil siiklo,"Juárez Jiménez, Víctor Manuel",Aventuras,4,9805973
Gramática didáctica mocho’ segundo ciclo / Its’bal chu ts’iba we took´ didaaktika mocho’ kabil siiklo,"Juárez Jiménez, Víctor Manuel",Mitologia,2,2845129
Ma timomachtikaj mexkatl. Lamoch momachtijketl / libro del alumno,"Martínez Silva, Eusebia",Ciencia Ficcion,3,6611086
Ma timomachtikaj mexkatl. Lamoch momachtijketl / libro del alumno,"Martínez Silva, Eusebia",Humor,4,1597194
Ma timomachtijkaj mexkatl. Lamoch tlamachtikej / Guía del facilitador,"Martínez Silva, Eusebia",Romantica,5,8103505
Ma timomachtijkaj mexkatl. Lamoch tlamachtikej / Guía del facilitador,"Martínez Silva, Eusebia",Mitologia,1,2709033
Las partes del cuerpo humano en mam,"Quintana Hernández, Francisca",Poesia,1,3423788
Las partes del cuerpo humano en mam,"Quintana Hernández, Francisca",Policiaca,5,9930257
"Cuadernillo de instituciones y organizaciones públicas y privadas nacionales e internacionales que promueven el desarrollo integral de las comunidades, organizaciones y pueblos hablantes de lenguas indígenas",-----------,Aventuras,5,8200987
"Cuadernillo de instituciones y organizaciones públicas y privadas nacionales e internacionales que promueven el desarrollo integral de las comunidades, organizaciones y pueblos hablantes de lenguas indígenas",-----------,Policiaca,5,4277007
Manual para el candidato en el estándar de competencia ECOO15: “Interpretación oral de lengua indígena al español y viceversa en el ámbito de procuración y administración de justicia”,-----------,Mitologia,5,1837860
Manual para el candidato en el estándar de competencia ECOO15: “Interpretación oral de lengua indígena al español y viceversa en el ámbito de procuración y administración de justicia”,-----------,Terror,4,8490403
"Léxico relativo a las partes del cuerpo en popoluca de San Pedro Soteapan, Veracruz","Domínguez Ramos, Miguel Ángel",Romantica,4,4084196
"Léxico relativo a las partes del cuerpo en popoluca de San Pedro Soteapan, Veracruz","Domínguez Ramos, Miguel Ángel",Terror,1,7549847
El Museo Nacional de 1825 a 1876: organigrama histórico,"Guerrero Crespo, Claudia",Cuento,2,5947305
"Ley General de Protección de datos en Posesión de Sujetos Obligados, comentada","Solange Maqueo, María (Coord.)",Romantica,2,9341841
"Ley General de Transparencia y Acceso a la Información Pública, comentada","Islas López, Jorge (Coord.)",Ciencia Ficcion,2,4103855
